Workbook

Sheet Form Responses
A1: Educational Technology Needs & Instructional Coaching Survey — Responses
A2: Greenfield Preparatory Middle School · n = 18 teachers + 4 administrators · Collected 04/13/2026 – 04/17/2026
A4: TEACHER RESPONSES (n=18)
A5: Timestamp | B5: Role | C5: Teacher Name | D5: Grade & Subject | E5: Devices Used | F5: Device Use Frequency | G5: Main Uses of Technology | H5: Confidence Using Tech for Differentiation (1–5) | I5: Top Challenges When Using Technology | J5: PD Topics Most Wanted | K5: Interested in 1:1 Coaching | L5: Open Response — Coaching Wish
A6: 2026-04-14 04:16 | B6: Teacher | C6: Ms. Vera Vectore | D6: 7th Grade Math | E6: Chromebooks; Student smartphones | F6: Daily | G6: Practice (IXL, Khan); Assessments | H6: 2 | I6: Students getting distracted; Not enough training; Classroom management | J6: Using data to adjust instruction; Classroom management with devices | K6: Yes | L6: Someone to sit with me and look at my IXL dashboard.
A7: 2026-04-15 01:30 | B7: Teacher | C7: Mr. Luis Luma | D7: 6th Grade Science | E7: Chromebooks | F7: Daily | G7: Research; Simulations (PhET, Gizmos); Assessments | H7: 3 | I7: Students getting distracted; Concerns about passive use | J7: Creating interactive lessons; Student engagement strategies | K7: Yes | L7: I'd love to see what's out there for middle-school Science that isn't just a quiz.
A8: 2026-04-14 18:23 | B8: Teacher | C8: Ms. Hana Ortiz | D8: 8th Grade Algebra I | E8: Chromebooks | F8: A few times a week | G8: Practice (IXL); Desmos; Assessments | H8: 3 | I8: Students getting distracted; Differentiation support | J8: Using technology for differentiation; Classroom management with devices | K8: Yes | L8: Help designing stations that don't collapse when I'm with one group.
A9: 2026-04-14 03:58 | B9: Teacher | D9: 7th Grade Science | E9: Chromebooks | F9: Daily | G9: Research; EdPuzzle; Quizzes | H9: 4 | I9: Students getting distracted | J9: Creating interactive lessons; Classroom management with devices | K9: Maybe | L9: PhET lesson ideas I can just pick up and run.
A10: 2026-04-16 11:20 | B10: Teacher | D10: 6th Grade Math | E10: Chromebooks | F10: Daily | G10: Practice (IXL); Khan Academy | H10: 2 | I10: Students getting distracted; Not enough training; Differentiation support | J10: Classroom management with devices; Using technology for differentiation | K10: Yes | L10: Training on GoGuardian — we have it but I've never used it.
A11: 2026-04-16 17:42 | B11: Teacher | D11: 8th Grade Physical Science | E11: Chromebooks | F11: A few times a week | G11: Research; Simulations; Interactive lessons (EdPuzzle) | H11: 4 | I11: Lack of time; Lesson planning support | J11: Creating interactive lessons | K11: Maybe | L11: I know it's possible — I just need a faster on-ramp.
A12: 2026-04-13 18:16 | B12: Teacher | D12: 6th Grade Science | E12: Chromebooks | F12: A few times a week | G12: Research; Video content; Assessments | H12: 3 | I12: Students getting distracted; Not enough training | J12: Creating interactive lessons; Classroom management with devices; Student engagement strategies | K12: Yes | L12: An interactive lesson I can co-plan with someone.
A13: 2026-04-14 01:28 | B13: Teacher | D13: 7th Grade Math (Resource/Inclusion) | E13: Chromebooks | F13: Daily | G13: Practice (IXL); Assessment | H13: 2 | I13: Differentiation support; Students getting distracted; Not enough training | J13: Using technology for differentiation; Supporting struggling learners | K13: Yes | L13: Scaffolds for my IEP students that live inside the tools we already have.
A14: 2026-04-14 19:47 | B14: Teacher | D14: 8th Grade Biology | E14: Chromebooks | F14: Daily | G14: Research; Simulations; Interactive lessons | H14: 4 | I14: Students getting distracted | J14: Student engagement strategies; Creating interactive lessons | K14: Maybe | L14: I'm okay — but I'd peek at what other teachers are doing.
A15: 2026-04-16 19:16 | B15: Teacher | D15: 7th Grade Math | E15: Chromebooks | F15: A few times a week | G15: Practice (IXL); Assessments; Research | H15: 3 | I15: Students getting distracted; Troubleshooting issues; Not enough training | J15: Classroom management with devices; Using data to adjust instruction | K15: Yes | L15: I assign IXL but I don't know what the data is really telling me.
A16: 2026-04-16 13:27 | B16: Teacher | D16: 6th Grade Math | E16: Chromebooks | F16: Daily | G16: Practice (IXL); Khan Academy; Desmos | H16: 4 | I16: Differentiation support; Lack of time | J16: Using technology for differentiation; Using data to adjust instruction | K16: Yes | L16: Help turning my data into groupings without spending my whole planning period on it.
A17: 2026-04-16 11:41 | B17: Teacher | D17: 8th Grade Math | E17: Chromebooks | F17: Daily | G17: Practice (IXL, Khan); Desmos; Assessments | H17: 3 | I17: Students getting distracted; Not enough training | J17: Classroom management with devices; Creating interactive lessons | K17: Yes | L17: Honestly I want Desmos training — I know it can do more than I use it for.
A18: 2026-04-14 18:43 | B18: Teacher | D18: 6th Grade Science | E18: Chromebooks | F18: Daily | G18: Research; Video content | H18: 2 | I18: Students getting distracted; Not enough training; Lesson planning support | J18: Creating interactive lessons; Classroom management with devices; Student engagement strategies | K18: Yes | L18: Stop the YouTube rabbit hole — I need real management support.
A19: 2026-04-16 17:32 | B19: Teacher | D19: 8th Grade Physical Science | E19: Chromebooks | F19: A few times a week | G19: Research; Simulations; EdPuzzle | H19: 4 | I19: Concerns about effectiveness | J19: Creating interactive lessons | K19: Maybe | L19: I need to see the data on whether any of this is actually working.
A20: 2026-04-13 15:03 | B20: Teacher | D20: 7th Grade Math | E20: Chromebooks | F20: Daily | G20: Practice (IXL); Khan Academy | H20: 3 | I20: Students getting distracted; Not enough training; Differentiation support | J20: Classroom management with devices; Using technology for differentiation | K20: Yes | L20: A coach in my room once a week for a month would change everything.
... A23: 2026-04-15 01:24 | B23: Teacher | D23: 8th Grade Biology | E23: Chromebooks | F23: Daily | G23: Research; Interactive lessons | H23: 4 | I23: Lack of time | J23: Creating interactive lessons; Using data to adjust instruction | K23: No | L23: I'm good — but I'll come to any PD on interactive video.
A25: ADMINISTRATOR RESPONSES (n=4)
A26: Timestamp | B26: Role | C26: Admin Name | D26: School / Position | E26: Top Technology Priorities | F26: Tech Use Across Classrooms | G26: Biggest Concerns About Current Tech Use | H26: PD Focus Areas | I26: Coach Rec #1 — Teacher | J26: Coach Rec #1 — Goal | K26: Coach Rec #1 — Focus | L26: Coach Rec #2 — Teacher | M26: Coach Rec #2 — Goal | N26: Coach Rec #2 — Focus | O26: Desired Outcomes | P26: One-Year Vision
A27: 2026-04-16 04:03 | B27: Administrator | D27: Greenfield Preparatory Middle School — Principal | E27: Supporting data-driven instruction; Managing student devices and distractions; Differentiation through technology | F27: Inconsistent across classrooms | G27: Passive student use; Classroom management issues; Weak writing/typing skills | H27: Data-driven instruction; Classroom management with devices; Differentiation through technology | I27: Ms. Vera Vectore | J27: Strengthen data-driven instruction. Ms. Vectore uses IXL daily but her dashboard-to-grouping pipeline is unclear. Also targeting off-task tab behavior during independent practice — 3 walkthroughs in October showed 4–6 students on YouTube/gaming tabs. | K27: Data-driven instruction | L27: Mr. Luis Luma | M27: Push beyond read-and-quiz to interactive simulations and EdPuzzle. Mr. Luma is a content expert and student-favorite — his Chromebook time should match that strength. Also would like to see him use Classroom announcements so schoolwide comms land. | N27: Student creation over consumption | O27: Improved academic outcomes (MAP, ERB); Increased teacher confidence; Improved assessment data use; Consistent technology use | P27: Every classroom has one device-management routine everyone can name; teachers pull at least one instructional move per week from their data; walkthrough look-fors show tech used for creation, not just consumption; new-teacher onboarding includes a tech playbook.
A28: 2026-04-16 11:21 | B28: Administrator | D28: Greenfield Prep — Assistant Principal for Instruction | E28: Student-centered learning; Supporting data-driven instruction; Teacher technology integration | F28: Inconsistent across classrooms | G28: Technology replacing instruction; Inconsistent expectations; Passive student use | H28: Data-driven instruction; Student engagement strategies; Creating interactive lessons | I28: Ms. Hana Ortiz | J28: Grow station-rotation facility in her 8th-grade Algebra sections. She has the kids and the curriculum — needs a structured rotation routine. | K28: Classroom management with devices | L28: Mr. Karim El-Sayed | M28: Desmos deep-dive. Mr. El-Sayed is already strong in Math but underuses Desmos Activity Builder; unlocking this tool could model for the whole Math department. | N28: Technology integration | O28: Improved academic outcomes (MAP, ERB); Increased teacher confidence; Improved assessment data use | P28: A schoolwide look-fors tool for EdTech that coaches and admin share.
A29: 2026-04-15 19:39 | B29: Administrator | D29: Greenfield Prep — Dean of Students | E29: Managing student devices and distractions; Classroom management support | F29: Inconsistent across classrooms | G29: Classroom management issues; Passive student use; Device damage / repairs | H29: Classroom management with devices; Student engagement strategies | I29: Mr. Dre Patel | J29: Mr. Patel's 7th-grade Science sections have the highest device-write-up rate in Q1 — rarely behavior-motivated, almost always management-design. Needs support building predictable routines. | K29: Classroom management with devices | L29: Ms. Ada Ijeoma | M29: Ms. Ijeoma is excellent with kids but Chromebook time in her 6th-grade Science class often drifts to YouTube. Needs GoGuardian training and a clear transition protocol. | N29: Classroom management with devices | O29: Consistent technology use; Increased teacher confidence; Increased student engagement | P29: Zero-surprise expectations: kids, teachers, and admin all know what Chromebook time looks like and sounds like.
A30: 2026-04-15 20:37 | B30: Administrator | D30: Greenfield Prep — Director of Teaching & Learning | E30: Supporting data-driven instruction; Differentiation through technology; Teacher technology integration | F30: Overused in some rooms, underused in others | G30: Weak writing/typing skills; Technology replacing instruction; Passive student use | H30: Differentiation through technology; Data-driven instruction; Supporting struggling learners | I30: Mr. Ernesto Guzman | J30: Our inclusion-section Math coach — his IEP students need stronger tech scaffolding (text-to-speech, leveled practice). He's hungry for specifics. | K30: Differentiation | L30: Ms. Devan Mariscal | M30: Focus on ML student scaffolding via Google Translate + Newsela workflows; she hosts our highest ML density. | N30: Differentiation | O30: Improved academic outcomes (MAP, ERB); Improved assessment data use; Increased teacher confidence; Increased student engagement | P30: Differentiation through technology stops being a mystery and starts being a standard.

Sheet Teacher Summary
A1: Teacher Needs — Aggregated Results
A2: Formula-driven tallies against the Form Responses sheet. Update the raw data and these will recalculate.
A4: Top Technology Challenges
A5: Option | B5: Count | C5: Percent | D5: Bar
A6: Students getting distracted | B6: =COUNTIF('Form Responses'!I6:I23,"*Students getting distracted*") -> 14 | C6: =B6/18 -> 0.77777778 | D6: =REPT("▮",ROUND(B6/18*20,0)) -> ▮▮▮▮▮▮▮▮▮▮▮▮▮▮▮▮
A7: Not enough training | B7: =COUNTIF('Form Responses'!I6:I23,"*Not enough training*") -> 8 | C7: =B7/18 -> 0.44444444 | D7: =REPT("▮",ROUND(B7/18*20,0)) -> ▮▮▮▮▮▮▮▮▮
A8: Differentiation support | B8: =COUNTIF('Form Responses'!I6:I23,"*Differentiation support*") -> 6 | C8: =B8/18 -> 0.33333333 | D8: =REPT("▮",ROUND(B8/18*20,0)) -> ▮▮▮▮▮▮▮
A9: Lack of time | B9: =COUNTIF('Form Responses'!I6:I23,"*Lack of time*") -> 3 | C9: =B9/18 -> 0.16666667 | D9: =REPT("▮",ROUND(B9/18*20,0)) -> ▮▮▮
A10: Lesson planning support | B10: =COUNTIF('Form Responses'!I6:I23,"*Lesson planning support*") -> 3 | C10: =B10/18 -> 0.16666667 | D10: =REPT("▮",ROUND(B10/18*20,0)) -> ▮▮▮
A11: Troubleshooting issues | B11: =COUNTIF('Form Responses'!I6:I23,"*Troubleshooting issues*") -> 1 | C11: =B11/18 -> 0.055555556 | D11: =REPT("▮",ROUND(B11/18*20,0)) -> ▮
A12: Classroom management | B12: =COUNTIF('Form Responses'!I6:I23,"*Classroom management*") -> 1 | C12: =B12/18 -> 0.055555556 | D12: =REPT("▮",ROUND(B12/18*20,0)) -> ▮
A13: Concerns about effectiveness | B13: =COUNTIF('Form Responses'!I6:I23,"*Concerns about effectiveness*") -> 1 | C13: =B13/18 -> 0.055555556 | D13: =REPT("▮",ROUND(B13/18*20,0)) -> ▮
A15: Most-Requested PD Topics
A16: Option | B16: Count | C16: Percent | D16: Bar
A17: Classroom management with devices | B17: =COUNTIF('Form Responses'!J6:J23,"*Classroom management with devices*") -> 11 | C17: =B17/18 -> 0.61111111 | D17: =REPT("▮",ROUND(B17/18*20,0)) -> ▮▮▮▮▮▮▮▮▮▮▮▮
A18: Creating interactive lessons | B18: =COUNTIF('Form Responses'!J6:J23,"*Creating interactive lessons*") -> 10 | C18: =B18/18 -> 0.55555556 | D18: =REPT("▮",ROUND(B18/18*20,0)) -> ▮▮▮▮▮▮▮▮▮▮▮
A19: Using technology for differentiation | B19: =COUNTIF('Form Responses'!J6:J23,"*Using technology for differentiation*") -> 6 | C19: =B19/18 -> 0.33333333 | D19: =REPT("▮",ROUND(B19/18*20,0)) -> ▮▮▮▮▮▮▮
A20: Student engagement strategies | B20: =COUNTIF('Form Responses'!J6:J23,"*Student engagement strategies*") -> 4 | C20: =B20/18 -> 0.22222222 | D20: =REPT("▮",ROUND(B20/18*20,0)) -> ▮▮▮▮
A21: Using data to adjust instruction | B21: =COUNTIF('Form Responses'!J6:J23,"*Using data to adjust instruction*") -> 4 | C21: =B21/18 -> 0.22222222 | D21: =REPT("▮",ROUND(B21/18*20,0)) -> ▮▮▮▮
A22: Supporting struggling learners | B22: =COUNTIF('Form Responses'!J6:J23,"*Supporting struggling learners*") -> 2 | C22: =B22/18 -> 0.11111111 | D22: =REPT("▮",ROUND(B22/18*20,0)) -> ▮▮
A24: Interest in 1:1 Coaching
A25: Option | B25: Count | C25: Percent | D25: Bar
A26: Yes | B26: =COUNTIF('Form Responses'!K6:K23,"Yes") -> 12 | C26: =B26/18 -> 0.66666667 | D26: =REPT("▮",ROUND(B26/18*20,0)) -> ▮▮▮▮▮▮▮▮▮▮▮▮▮
A27: Maybe | B27: =COUNTIF('Form Responses'!K6:K23,"Maybe") -> 5 | C27: =B27/18 -> 0.27777778 | D27: =REPT("▮",ROUND(B27/18*20,0)) -> ▮▮▮▮▮▮
A28: No | B28: =COUNTIF('Form Responses'!K6:K23,"No") -> 1 | C28: =B28/18 -> 0.055555556 | D28: =REPT("▮",ROUND(B28/18*20,0)) -> ▮
A30: Confidence Using Tech for Differentiation (Scale 1–5)
A31: Rating | B31: Count | C31: Percent | D31: Bar
A32: 1 | B32: =COUNTIF('Form Responses'!H6:H23,1) -> 0 | C32: =B32/18 -> 0 | D32: =REPT("▮",ROUND(B32/18*20,0))
A33: 2 | B33: =COUNTIF('Form Responses'!H6:H23,2) -> 5 | C33: =B33/18 -> 0.27777778 | D33: =REPT("▮",ROUND(B33/18*20,0)) -> ▮▮▮▮▮▮
A34: 3 | B34: =COUNTIF('Form Responses'!H6:H23,3) -> 7 | C34: =B34/18 -> 0.38888889 | D34: =REPT("▮",ROUND(B34/18*20,0)) -> ▮▮▮▮▮▮▮▮
A35: 4 | B35: =COUNTIF('Form Responses'!H6:H23,4) -> 6 | C35: =B35/18 -> 0.33333333 | D35: =REPT("▮",ROUND(B35/18*20,0)) -> ▮▮▮▮▮▮▮
A36: 5 | B36: =COUNTIF('Form Responses'!H6:H23,5) -> 0 | C36: =B36/18 -> 0 | D36: =REPT("▮",ROUND(B36/18*20,0))
A38: Teachers rating ≤3 (differentiation confidence) | B38: =COUNTIF('Form Responses'!H6:H23,"<=3") -> 12 | C38: =B38/18 -> 0.66666667

Sheet Admin Summary
A1: Administrator Priorities — Aggregated Results
A2: Formula-driven tallies against the Form Responses sheet.
A4: Top Technology Priorities
A5: Option | B5: Count | C5: Percent | D5: Bar
A6: Supporting data-driven instruction | B6: =COUNTIF('Form Responses'!E27:E30,"*Supporting data-driven instruction*") -> 3 | C6: =B6/4 -> 0.75 | D6: =REPT("▮",ROUND(B6/4*20,0)) -> ▮▮▮▮▮▮▮▮▮▮▮▮▮▮▮
A7: Managing student devices and distractions | B7: =COUNTIF('Form Responses'!E27:E30,"*Managing student devices*") -> 2 | C7: =B7/4 -> 0.5 | D7: =REPT("▮",ROUND(B7/4*20,0)) -> ▮▮▮▮▮▮▮▮▮▮
A8: Differentiation through technology | B8: =COUNTIF('Form Responses'!E27:E30,"*Differentiation through technology*") -> 2 | C8: =B8/4 -> 0.5 | D8: =REPT("▮",ROUND(B8/4*20,0)) -> ▮▮▮▮▮▮▮▮▮▮
A9: Teacher technology integration | B9: =COUNTIF('Form Responses'!E27:E30,"*Teacher technology integration*") -> 2 | C9: =B9/4 -> 0.5 | D9: =REPT("▮",ROUND(B9/4*20,0)) -> ▮▮▮▮▮▮▮▮▮▮
A10: Student-centered learning | B10: =COUNTIF('Form Responses'!E27:E30,"*Student-centered learning*") -> 1 | C10: =B10/4 -> 0.25 | D10: =REPT("▮",ROUND(B10/4*20,0)) -> ▮▮▮▮▮
A12: Biggest Concerns About Current Tech Use
A13: Option | B13: Count | C13: Percent | D13: Bar
A14: Passive student use | B14: =COUNTIF('Form Responses'!G27:G30,"*Passive student use*") -> 4 | C14: =B14/4 -> 1 | D14: =REPT("▮",ROUND(B14/4*20,0)) -> ▮▮▮▮▮▮▮▮▮▮▮▮▮▮▮▮▮▮▮▮
A15: Technology replacing instruction | B15: =COUNTIF('Form Responses'!G27:G30,"*Technology replacing instruction*") -> 2 | C15: =B15/4 -> 0.5 | D15: =REPT("▮",ROUND(B15/4*20,0)) -> ▮▮▮▮▮▮▮▮▮▮
A16: Classroom management issues | B16: =COUNTIF('Form Responses'!G27:G30,"*Classroom management issues*") -> 2 | C16: =B16/4 -> 0.5 | D16: =REPT("▮",ROUND(B16/4*20,0)) -> ▮▮▮▮▮▮▮▮▮▮
A17: Inconsistent expectations | B17: =COUNTIF('Form Responses'!G27:G30,"*Inconsistent expectations*") -> 1 | C17: =B17/4 -> 0.25 | D17: =REPT("▮",ROUND(B17/4*20,0)) -> ▮▮▮▮▮
A18: Weak writing/typing skills | B18: =COUNTIF('Form Responses'!G27:G30,"*Weak writing/typing skills*") -> 2 | C18: =B18/4 -> 0.5 | D18: =REPT("▮",ROUND(B18/4*20,0)) -> ▮▮▮▮▮▮▮▮▮▮
A20: Focus Areas Admins Want PD On
A21: Option | B21: Count | C21: Percent | D21: Bar
A22: Data-driven instruction | B22: =COUNTIF('Form Responses'!H27:H30,"*Data-driven instruction*") -> 3 | C22: =B22/4 -> 0.75 | D22: =REPT("▮",ROUND(B22/4*20,0)) -> ▮▮▮▮▮▮▮▮▮▮▮▮▮▮▮
A23: Classroom management with devices | B23: =COUNTIF('Form Responses'!H27:H30,"*Classroom management with devices*") -> 2 | C23: =B23/4 -> 0.5 | D23: =REPT("▮",ROUND(B23/4*20,0)) -> ▮▮▮▮▮▮▮▮▮▮
A24: Differentiation through technology | B24: =COUNTIF('Form Responses'!H27:H30,"*Differentiation through technology*") -> 2 | C24: =B24/4 -> 0.5 | D24: =REPT("▮",ROUND(B24/4*20,0)) -> ▮▮▮▮▮▮▮▮▮▮
A25: Student engagement strategies | B25: =COUNTIF('Form Responses'!H27:H30,"*Student engagement strategies*") -> 2 | C25: =B25/4 -> 0.5 | D25: =REPT("▮",ROUND(B25/4*20,0)) -> ▮▮▮▮▮▮▮▮▮▮
A26: Creating interactive lessons | B26: =COUNTIF('Form Responses'!H27:H30,"*Creating interactive lessons*") -> 1 | C26: =B26/4 -> 0.25 | D26: =REPT("▮",ROUND(B26/4*20,0)) -> ▮▮▮▮▮
A27: Supporting struggling learners | B27: =COUNTIF('Form Responses'!H27:H30,"*Supporting struggling learners*") -> 1 | C27: =B27/4 -> 0.25 | D27: =REPT("▮",ROUND(B27/4*20,0)) -> ▮▮▮▮▮
A29: Desired Outcomes (Admin-defined Success Metrics)
A30: Option | B30: Count | C30: Percent | D30: Bar
A31: Improved academic outcomes (MAP, ERB) | B31: =COUNTIF('Form Responses'!O27:O30,"*Improved academic outcomes*") -> 3 | C31: =B31/4 -> 0.75 | D31: =REPT("▮",ROUND(B31/4*20,0)) -> ▮▮▮▮▮▮▮▮▮▮▮▮▮▮▮
A32: Increased teacher confidence | B32: =COUNTIF('Form Responses'!O27:O30,"*Increased teacher confidence*") -> 4 | C32: =B32/4 -> 1 | D32: =REPT("▮",ROUND(B32/4*20,0)) -> ▮▮▮▮▮▮▮▮▮▮▮▮▮▮▮▮▮▮▮▮
A33: Improved assessment data use | B33: =COUNTIF('Form Responses'!O27:O30,"*Improved assessment data use*") -> 3 | C33: =B33/4 -> 0.75 | D33: =REPT("▮",ROUND(B33/4*20,0)) -> ▮▮▮▮▮▮▮▮▮▮▮▮▮▮▮
A34: Consistent technology use | B34: =COUNTIF('Form Responses'!O27:O30,"*Consistent technology use*") -> 2 | C34: =B34/4 -> 0.5 | D34: =REPT("▮",ROUND(B34/4*20,0)) -> ▮▮▮▮▮▮▮▮▮▮
A35: Increased student engagement | B35: =COUNTIF('Form Responses'!O27:O30,"*Increased student engagement*") -> 2 | C35: =B35/4 -> 0.5 | D35: =REPT("▮",ROUND(B35/4*20,0)) -> ▮▮▮▮▮▮▮▮▮▮
